track_id,frame,x,y,penguin,coord,dx,dy,orientation_angle
0,0,463.16,211.12,Penguin 1,463.16 , 211.12,-1.36000000000001,-0.52000000000001,-159.075498255079
0,1,461.8,210.6,Penguin 1,461.8 , 210.6,0.75,0.400000000000006,28.0724869358533
0,2,462.55,211,Penguin 1,462.55 , 211,0.75,0.400000000000006,28.0724869358533
0,3,463.3,211.4,Penguin 1,463.3 , 211.4,0.75,0.400000000000006,28.0724869358533
0,4,464.05,211.8,Penguin 1,464.05 , 211.8,0.75,0.399999999999977,28.0724869358516
0,5,464.8,212.2,Penguin 1,464.8 , 212.2,-0.28000000000003,-0.0600000000000023,-167.905242922989
0,6,464.52,212.14,Penguin 1,464.52 , 212.14,-0.279999999999973,-0.049999999999983,-169.875328344605
0,7,464.24,212.09,Penguin 1,464.24 , 212.09,-0.269999999999982,-0.0600000000000023,-167.471192290847
0,8,463.97,212.03,Penguin 1,463.97 , 212.03,-0.28000000000003,-0.0500000000000114,-169.875328344601
0,9,463.69,211.98,Penguin 1,463.69 , 211.98,-0.279999999999973,-0.0600000000000023,-167.905242922986
0,10,463.41,211.92,Penguin 1,463.41 , 211.92,-0.28000000000003,-0.049999999999983,-169.875328344607
0,11,463.13,211.87,Penguin 1,463.13 , 211.87,-0.269999999999982,-0.0600000000000023,-167.471192290847
0,12,462.86,211.81,Penguin 1,462.86 , 211.81,-0.28000000000003,-0.0500000000000114,-169.875328344601
0,13,462.58,211.76,Penguin 1,462.58 , 211.76,-0.279999999999973,-0.0600000000000023,-167.905242922986
0,14,462.3,211.7,Penguin 1,462.3 , 211.7,-1.80000000000001,-0.399999999999977,-167.471192290849
0,15,460.5,211.3,Penguin 1,460.5 , 211.3,-1.80000000000001,-0.400000000000006,-167.471192290848
0,16,458.7,210.9,Penguin 1,458.7 , 210.9,-2.19999999999999,0,180
0,17,456.5,210.9,Penguin 1,456.5 , 210.9,-0.0500000000000114,0.0300000000000011,149.036243467931
0,18,456.45,210.93,Penguin 1,456.45 , 210.93,-0.0500000000000114,0.0199999999999818,158.198590513671
0,19,456.4,210.95,Penguin 1,456.4 , 210.95,-0.0499999999999545,0.0300000000000011,149.036243467903
0,20,456.35,210.98,Penguin 1,456.35 , 210.98,-0.0600000000000023,0.0200000000000102,161.56505117707
0,21,456.29,211,Penguin 1,456.29 , 211,-0.0500000000000114,0.0300000000000011,149.036243467931
0,22,456.24,211.03,Penguin 1,456.24 , 211.03,-0.0500000000000114,0.0200000000000102,158.198590513643
0,23,456.19,211.05,Penguin 1,456.19 , 211.05,-0.0500000000000114,0.0300000000000011,149.036243467931
0,24,456.14,211.08,Penguin 1,456.14 , 211.08,-0.0500000000000114,0.0300000000000011,149.036243467931
0,25,456.09,211.11,Penguin 1,456.09 , 211.11,-0.0499999999999545,0.0199999999999818,158.198590513648
0,26,456.04,211.13,Penguin 1,456.04 , 211.13,-0.0600000000000023,0.0300000000000011,153.434948822922
0,27,455.98,211.16,Penguin 1,455.98 , 211.16,-0.0500000000000114,0.0200000000000102,158.198590513643
0,28,455.93,211.18,Penguin 1,455.93 , 211.18,-0.0500000000000114,0.0300000000000011,149.036243467931
0,29,455.88,211.21,Penguin 1,455.88 , 211.21,-0.0500000000000114,0.0300000000000011,149.036243467931
0,30,455.83,211.24,Penguin 1,455.83 , 211.24,-0.0500000000000114,0.0199999999999818,158.198590513671
0,31,455.78,211.26,Penguin 1,455.78 , 211.26,-0.0499999999999545,0.0300000000000011,149.036243467903
0,32,455.73,211.29,Penguin 1,455.73 , 211.29,-0.0600000000000023,0.0200000000000102,161.56505117707
0,33,455.67,211.31,Penguin 1,455.67 , 211.31,-0.0500000000000114,0.0300000000000011,149.036243467931
0,34,455.62,211.34,Penguin 1,455.62 , 211.34,-0.0500000000000114,0.0200000000000102,158.198590513643
0,35,455.57,211.36,Penguin 1,455.57 , 211.36,-0.0500000000000114,0.0299999999999727,149.036243467955
0,36,455.52,211.39,Penguin 1,455.52 , 211.39,-0.0499999999999545,0.0300000000000011,149.036243467903
0,37,455.47,211.42,Penguin 1,455.47 , 211.42,-0.0500000000000114,0.0200000000000102,158.198590513643
0,38,455.42,211.44,Penguin 1,455.42 , 211.44,-0.0600000000000023,0.0300000000000011,153.434948822922
0,39,455.36,211.47,Penguin 1,455.36 , 211.47,-0.0500000000000114,0.0200000000000102,158.198590513643
0,40,455.31,211.49,Penguin 1,455.31 , 211.49,-0.0500000000000114,0.0300000000000011,149.036243467931
0,41,455.26,211.52,Penguin 1,455.26 , 211.52,-0.0500000000000114,0.0300000000000011,149.036243467931
0,42,455.21,211.55,Penguin 1,455.21 , 211.55,-0.0499999999999545,0.0199999999999818,158.198590513648
0,43,455.16,211.57,Penguin 1,455.16 , 211.57,-0.0500000000000114,0.0300000000000011,149.036243467931
0,44,455.11,211.6,Penguin 1,455.11 , 211.6,-0.0600000000000023,0.0200000000000102,161.56505117707
0,45,455.05,211.62,Penguin 1,455.05 , 211.62,-0.0500000000000114,0.0300000000000011,149.036243467931
0,46,455,211.65,Penguin 1,455 , 211.65,-0.0500000000000114,0.0199999999999818,158.198590513671
0,47,454.95,211.67,Penguin 1,454.95 , 211.67,-0.0500000000000114,0.0300000000000011,149.036243467931
0,48,454.9,211.7,Penguin 1,454.9 , 211.7,-0.189999999999998,-0.089999999999975,-154.653824058059
0,49,454.71,211.61,Penguin 1,454.71 , 211.61,-0.199999999999989,-0.100000000000023,-153.434948822915
0,50,454.51,211.51,Penguin 1,454.51 , 211.51,-0.189999999999998,-0.0900000000000034,-154.653824058052
0,51,454.32,211.42,Penguin 1,454.32 , 211.42,-0.199999999999989,-0.0999999999999943,-153.434948822922
0,52,454.12,211.32,Penguin 1,454.12 , 211.32,-0.189999999999998,-0.0900000000000034,-154.653824058052
0,53,453.93,211.23,Penguin 1,453.93 , 211.23,-0.189999999999998,-0.0900000000000034,-154.653824058052
0,54,453.74,211.14,Penguin 1,453.74 , 211.14,-0.199999999999989,-0.0999999999999943,-153.434948822922
0,55,453.54,211.04,Penguin 1,453.54 , 211.04,-0.189999999999998,-0.0900000000000034,-154.653824058052
0,56,453.35,210.95,Penguin 1,453.35 , 210.95,-0.200000000000045,-0.0999999999999943,-153.434948822929
0,57,453.15,210.85,Penguin 1,453.15 , 210.85,-0.189999999999998,-0.0900000000000034,-154.653824058052
0,58,452.96,210.76,Penguin 1,452.96 , 210.76,-0.199999999999989,-0.0999999999999943,-153.434948822922
0,59,452.76,210.66,Penguin 1,452.76 , 210.66,-0.189999999999998,-0.0900000000000034,-154.653824058052
0,60,452.57,210.57,Penguin 1,452.57 , 210.57,-0.189999999999998,-0.0900000000000034,-154.653824058052
0,61,452.38,210.48,Penguin 1,452.38 , 210.48,-0.199999999999989,-0.0999999999999943,-153.434948822922
0,62,452.18,210.38,Penguin 1,452.18 , 210.38,-0.189999999999998,-0.0900000000000034,-154.653824058052
0,63,451.99,210.29,Penguin 1,451.99 , 210.29,-0.199999999999989,-0.0999999999999943,-153.434948822922
0,64,451.79,210.19,Penguin 1,451.79 , 210.19,-0.189999999999998,-0.0900000000000034,-154.653824058052
0,65,451.6,210.1,Penguin 1,451.6 , 210.1,-7.90000000000003,-1.90000000000001,-166.476839349584
0,66,443.7,208.2,Penguin 1,443.7 , 208.2,-0.70999999999998,-0.339999999999975,-154.411486858685
0,67,442.99,207.86,Penguin 1,442.99 , 207.86,-0.710000000000036,-0.330000000000013,-155.071525864539
0,68,442.28,207.53,Penguin 1,442.28 , 207.53,-0.71999999999997,-0.340000000000003,-154.722277764446
0,69,441.56,207.19,Penguin 1,441.56 , 207.19,-0.70999999999998,-0.340000000000003,-154.411486858683
0,70,440.85,206.85,Penguin 1,440.85 , 206.85,-0.710000000000036,-0.340000000000003,-154.411486858685
0,71,440.14,206.51,Penguin 1,440.14 , 206.51,-0.70999999999998,-0.329999999999984,-155.071525864539
0,72,439.43,206.18,Penguin 1,439.43 , 206.18,-0.720000000000027,-0.340000000000003,-154.722277764448
0,73,438.71,205.84,Penguin 1,438.71 , 205.84,-0.70999999999998,-0.340000000000003,-154.411486858683
0,74,438,205.5,Penguin 1,438 , 205.5,-1.39999999999998,-4.09999999999999,-108.853158764419
0,75,436.6,201.4,Penguin 1,436.6 , 201.4,-1.65000000000003,0.25,171.384351815836
0,76,434.95,201.65,Penguin 1,434.95 , 201.65,-1.64999999999998,0.25,171.384351815836
0,77,433.3,201.9,Penguin 1,433.3 , 201.9,-0.439999999999998,0.049999999999983,173.516926307105
0,78,432.86,201.95,Penguin 1,432.86 , 201.95,-0.439999999999998,0.0500000000000114,173.516926307101
0,79,432.42,202,Penguin 1,432.42 , 202,-0.439999999999998,0.0500000000000114,173.516926307101
0,80,431.98,202.05,Penguin 1,431.98 , 202.05,-0.439999999999998,0.049999999999983,173.516926307105
0,81,431.54,202.1,Penguin 1,431.54 , 202.1,-0.439999999999998,0.0500000000000114,173.516926307101
0,82,431.1,202.15,Penguin 1,431.1 , 202.15,-0.439999999999998,0.049999999999983,173.516926307105
0,83,430.66,202.2,Penguin 1,430.66 , 202.2,-0.439999999999998,0.0500000000000114,173.516926307101
0,84,430.22,202.25,Penguin 1,430.22 , 202.25,-0.440000000000055,0.0500000000000114,173.516926307102
0,85,429.78,202.3,Penguin 1,429.78 , 202.3,-0.439999999999998,0.049999999999983,173.516926307105
0,86,429.34,202.35,Penguin 1,429.34 , 202.35,-0.439999999999998,0.0500000000000114,173.516926307101
0,87,428.9,202.4,Penguin 1,428.9 , 202.4,-0.129999999999995,-0.0300000000000011,-167.005383208083
0,88,428.77,202.37,Penguin 1,428.77 , 202.37,-0.120000000000005,-0.039999999999992,-161.565051177082
0,89,428.65,202.33,Penguin 1,428.65 , 202.33,-0.129999999999995,-0.0300000000000011,-167.005383208083
0,90,428.52,202.3,Penguin 1,428.52 , 202.3,-0.129999999999995,-0.0300000000000011,-167.005383208083
0,91,428.39,202.27,Penguin 1,428.39 , 202.27,-0.120000000000005,-0.0400000000000205,-161.56505117707
0,92,428.27,202.23,Penguin 1,428.27 , 202.23,-0.129999999999995,-0.0300000000000011,-167.005383208083
0,93,428.14,202.2,Penguin 1,428.14 , 202.2,-0.129999999999995,-0.0300000000000011,-167.005383208083
0,94,428.01,202.17,Penguin 1,428.01 , 202.17,-0.120000000000005,-0.039999999999992,-161.565051177082
0,95,427.89,202.13,Penguin 1,427.89 , 202.13,-0.129999999999995,-0.0300000000000011,-167.005383208083
0,96,427.76,202.1,Penguin 1,427.76 , 202.1,-0.129999999999995,-0.0300000000000011,-167.005383208083
0,97,427.63,202.07,Penguin 1,427.63 , 202.07,-0.120000000000005,-0.039999999999992,-161.565051177082
0,98,427.51,202.03,Penguin 1,427.51 , 202.03,-0.129999999999995,-0.0300000000000011,-167.005383208083
0,99,427.38,202,Penguin 1,427.38 , 202,-0.129999999999995,-0.0300000000000011,-167.005383208083
0,100,427.25,201.97,Penguin 1,427.25 , 201.97,-0.120000000000005,-0.039999999999992,-161.565051177082
0,101,427.13,201.93,Penguin 1,427.13 , 201.93,-0.129999999999995,-0.0300000000000011,-167.005383208083
0,102,427,201.9,Penguin 1,427 , 201.9,-1.10000000000002,-0.5,-155.556045219584
0,103,425.9,201.4,Penguin 1,425.9 , 201.4,-0.169999999999959,-0.0600000000000023,-160.559965171819
0,104,425.73,201.34,Penguin 1,425.73 , 201.34,-0.170000000000016,-0.0600000000000023,-160.559965171825
0,105,425.56,201.28,Penguin 1,425.56 , 201.28,-0.170000000000016,-0.0600000000000023,-160.559965171825
0,106,425.39,201.22,Penguin 1,425.39 , 201.22,-0.169999999999959,-0.0600000000000023,-160.559965171819
0,107,425.22,201.16,Penguin 1,425.22 , 201.16,-0.170000000000016,-0.0600000000000023,-160.559965171825
0,108,425.05,201.1,Penguin 1,425.05 , 201.1,-0.170000000000016,-0.0600000000000023,-160.559965171825
0,109,424.88,201.04,Penguin 1,424.88 , 201.04,-0.170000000000016,-0.049999999999983,-163.610459665972
0,110,424.71,200.99,Penguin 1,424.71 , 200.99,-0.169999999999959,-0.0600000000000023,-160.559965171819
0,111,424.54,200.93,Penguin 1,424.54 , 200.93,-0.170000000000016,-0.0600000000000023,-160.559965171825
0,112,424.37,200.87,Penguin 1,424.37 , 200.87,-0.170000000000016,-0.0600000000000023,-160.559965171825
0,113,424.2,200.81,Penguin 1,424.2 , 200.81,-0.170000000000016,-0.0600000000000023,-160.559965171825
0,114,424.03,200.75,Penguin 1,424.03 , 200.75,-0.169999999999959,-0.0600000000000023,-160.559965171819
0,115,423.86,200.69,Penguin 1,423.86 , 200.69,-0.170000000000016,-0.0600000000000023,-160.559965171825
0,116,423.69,200.63,Penguin 1,423.69 , 200.63,-0.180000000000007,-0.0600000000000023,-161.565051177078
0,117,423.51,200.57,Penguin 1,423.51 , 200.57,-0.170000000000016,-0.0600000000000023,-160.559965171825
0,118,423.34,200.51,Penguin 1,423.34 , 200.51,-0.169999999999959,-0.0600000000000023,-160.559965171819
0,119,423.17,200.45,Penguin 1,423.17 , 200.45,-0.170000000000016,-0.0600000000000023,-160.559965171825
0,120,423,200.39,Penguin 1,423 , 200.39,-0.170000000000016,-0.0599999999999739,-160.559965171833
0,121,422.83,200.33,Penguin 1,422.83 , 200.33,-0.169999999999959,-0.0600000000000023,-160.559965171819
0,122,422.66,200.27,Penguin 1,422.66 , 200.27,-0.170000000000016,-0.0600000000000023,-160.559965171825
0,123,422.49,200.21,Penguin 1,422.49 , 200.21,-0.170000000000016,-0.0500000000000114,-163.610459665963
0,124,422.32,200.16,Penguin 1,422.32 , 200.16,-0.170000000000016,-0.0600000000000023,-160.559965171825
0,125,422.15,200.1,Penguin 1,422.15 , 200.1,-0.169999999999959,-0.0600000000000023,-160.559965171819
0,126,421.98,200.04,Penguin 1,421.98 , 200.04,-0.170000000000016,-0.0600000000000023,-160.559965171825
0,127,421.81,199.98,Penguin 1,421.81 , 199.98,-0.170000000000016,-0.0600000000000023,-160.559965171825
0,128,421.64,199.92,Penguin 1,421.64 , 199.92,-0.169999999999959,-0.0599999999999739,-160.559965171827
0,129,421.47,199.86,Penguin 1,421.47 , 199.86,-0.170000000000016,-0.0600000000000023,-160.559965171825
0,130,421.3,199.8,Penguin 1,421.3 , 199.8,-1.40000000000003,0.299999999999983,167.905242922989
0,131,419.9,200.1,Penguin 1,419.9 , 200.1,-0.269999999999982,-0.169999999999987,-147.804266065287
0,132,419.63,199.93,Penguin 1,419.63 , 199.93,-0.259999999999991,-0.159999999999997,-148.392497753751
0,133,419.37,199.77,Penguin 1,419.37 , 199.77,-0.269999999999982,-0.170000000000016,-147.804266065283
0,134,419.1,199.6,Penguin 1,419.1 , 199.6,-2.70000000000005,-1.09999999999999,-157.833654177918
0,135,416.4,198.5,Penguin 1,416.4 , 198.5,-0.25,-1.5,-99.4623222080256
0,136,416.15,197,Penguin 1,416.15 , 197,-0.25,-1.5,-99.4623222080256
0,137,415.9,195.5,Penguin 1,415.9 , 195.5,-4.09999999999997,-0.300000000000011,-175.815083874881
0,138,411.8,195.2,Penguin 1,411.8 , 195.2,-0.28000000000003,0.219999999999999,141.842773412634
0,139,411.52,195.42,Penguin 1,411.52 , 195.42,-0.279999999999973,0.219999999999999,141.842773412628
0,140,411.24,195.64,Penguin 1,411.24 , 195.64,-0.28000000000003,0.220000000000027,141.84277341263
0,141,410.96,195.86,Penguin 1,410.96 , 195.86,-0.279999999999973,0.219999999999999,141.842773412628
0,142,410.68,196.08,Penguin 1,410.68 , 196.08,-0.28000000000003,0.219999999999999,141.842773412634
0,143,410.4,196.3,Penguin 1,410.4 , 196.3,-0.109999999999957,0,180
0,144,410.29,196.3,Penguin 1,410.29 , 196.3,-0.110000000000014,0,180
0,145,410.18,196.3,Penguin 1,410.18 , 196.3,-0.100000000000023,0,180
0,146,410.08,196.3,Penguin 1,410.08 , 196.3,-0.109999999999957,0,180
0,147,409.97,196.3,Penguin 1,409.97 , 196.3,-0.110000000000014,0,180
0,148,409.86,196.3,Penguin 1,409.86 , 196.3,-0.110000000000014,0,180
0,149,409.75,196.3,Penguin 1,409.75 , 196.3,-0.100000000000023,0,180
0,150,409.65,196.3,Penguin 1,409.65 , 196.3,-0.109999999999957,0,180
0,151,409.54,196.3,Penguin 1,409.54 , 196.3,-0.110000000000014,0,180
0,152,409.43,196.3,Penguin 1,409.43 , 196.3,-0.110000000000014,0,180
0,153,409.32,196.3,Penguin 1,409.32 , 196.3,-0.0999999999999659,0,180
0,154,409.22,196.3,Penguin 1,409.22 , 196.3,-0.110000000000014,0,180
0,155,409.11,196.3,Penguin 1,409.11 , 196.3,-0.110000000000014,0,180
0,156,409,196.3,Penguin 1,409 , 196.3,-0.170000000000016,0,180
0,157,408.83,196.3,Penguin 1,408.83 , 196.3,-0.180000000000007,0,180
0,158,408.65,196.3,Penguin 1,408.65 , 196.3,-0.169999999999959,0,180
0,159,408.48,196.3,Penguin 1,408.48 , 196.3,-0.180000000000007,0,180
0,160,408.3,196.3,Penguin 1,408.3 , 196.3,-0.170000000000016,0,180
0,161,408.13,196.3,Penguin 1,408.13 , 196.3,-0.180000000000007,0,180
0,162,407.95,196.3,Penguin 1,407.95 , 196.3,-0.170000000000016,0,180
0,163,407.78,196.3,Penguin 1,407.78 , 196.3,-0.17999999999995,0,180
0,164,407.6,196.3,Penguin 1,407.6 , 196.3,-0.550000000000011,-0.25,-155.556045219584
0,165,407.05,196.05,Penguin 1,407.05 , 196.05,-0.550000000000011,-0.25,-155.556045219584
0,166,406.5,195.8,Penguin 1,406.5 , 195.8,-0.620000000000005,-0.0700000000000216,-173.558399900663
0,167,405.88,195.73,Penguin 1,405.88 , 195.73,-0.629999999999995,-0.0799999999999841,-172.763077974033
0,168,405.25,195.65,Penguin 1,405.25 , 195.65,-0.629999999999995,-0.0699999999999932,-173.659808254091
0,169,404.62,195.58,Penguin 1,404.62 , 195.58,-0.620000000000005,-0.0800000000000125,-172.647620640107
0,170,404,195.5,Penguin 1,404 , 195.5,-3,-2.5,-140.194428907735
0,171,401,193,Penguin 1,401 , 193,-0.699999999999989,-0.150000000000006,-167.905242922987
0,172,400.3,192.85,Penguin 1,400.3 , 192.85,-0.699999999999989,-0.150000000000006,-167.905242922987
0,173,399.6,192.7,Penguin 1,399.6 , 192.7,-0.189999999999998,-0.0799999999999841,-157.166345822086
0,174,399.41,192.62,Penguin 1,399.41 , 192.62,-0.200000000000045,-0.0800000000000125,-158.19859051365
0,175,399.21,192.54,Penguin 1,399.21 , 192.54,-0.189999999999998,-0.0799999999999841,-157.166345822086
0,176,399.02,192.46,Penguin 1,399.02 , 192.46,-0.189999999999998,-0.0700000000000216,-159.775140568826
0,177,398.83,192.39,Penguin 1,398.83 , 192.39,-0.189999999999998,-0.0799999999999841,-157.166345822086
0,178,398.64,192.31,Penguin 1,398.64 , 192.31,-0.199999999999989,-0.0800000000000125,-158.198590513644
0,179,398.44,192.23,Penguin 1,398.44 , 192.23,-0.189999999999998,-0.0799999999999841,-157.166345822086
0,180,398.25,192.15,Penguin 1,398.25 , 192.15,-0.189999999999998,-0.0800000000000125,-157.166345822079
0,181,398.06,192.07,Penguin 1,398.06 , 192.07,-0.199999999999989,-0.0799999999999841,-158.198590513651
0,182,397.86,191.99,Penguin 1,397.86 , 191.99,-0.189999999999998,-0.0800000000000125,-157.166345822079
0,183,397.67,191.91,Penguin 1,397.67 , 191.91,-0.189999999999998,-0.0699999999999932,-159.775140568834
0,184,397.48,191.84,Penguin 1,397.48 , 191.84,-0.189999999999998,-0.0800000000000125,-157.166345822079
0,185,397.29,191.76,Penguin 1,397.29 , 191.76,-0.200000000000045,-0.0799999999999841,-158.198590513657
0,186,397.09,191.68,Penguin 1,397.09 , 191.68,-0.189999999999998,-0.0800000000000125,-157.166345822079
0,187,396.9,191.6,Penguin 1,396.9 , 191.6,-0.799999999999955,0,180
0,188,396.1,191.6,Penguin 1,396.1 , 191.6,-0.800000000000011,0,180
0,189,395.3,191.6,Penguin 1,395.3 , 191.6,-0.0699999999999932,-0.049999999999983,-144.462322208032
0,190,395.23,191.55,Penguin 1,395.23 , 191.55,-0.0800000000000409,-0.0400000000000205,-153.434948822922
0,191,395.15,191.51,Penguin 1,395.15 , 191.51,-0.0699999999999932,-0.049999999999983,-144.462322208032
0,192,395.08,191.46,Penguin 1,395.08 , 191.46,-0.0699999999999932,-0.0400000000000205,-150.255118703043
0,193,395.01,191.42,Penguin 1,395.01 , 191.42,-0.0699999999999932,-0.049999999999983,-144.462322208032
0,194,394.94,191.37,Penguin 1,394.94 , 191.37,-0.0799999999999841,-0.039999999999992,-153.434948822922
0,195,394.86,191.33,Penguin 1,394.86 , 191.33,-0.0699999999999932,-0.0500000000000114,-144.462322208017
0,196,394.79,191.28,Penguin 1,394.79 , 191.28,-0.0699999999999932,-0.039999999999992,-150.25511870306
0,197,394.72,191.24,Penguin 1,394.72 , 191.24,-0.07000000000005,-0.0500000000000114,-144.462322208039
0,198,394.65,191.19,Penguin 1,394.65 , 191.19,-0.0799999999999841,-0.039999999999992,-153.434948822922
0,199,394.57,191.15,Penguin 1,394.57 , 191.15,-0.0699999999999932,-0.0500000000000114,-144.462322208017
0,200,394.5,191.1,Penguin 1,394.5 , 191.1,-0.120000000000005,-0.0900000000000034,-143.130102354156
0,201,394.38,191.01,Penguin 1,394.38 , 191.01,-0.129999999999995,-0.0799999999999841,-148.392497753755
0,202,394.25,190.93,Penguin 1,394.25 , 190.93,-0.129999999999995,-0.0900000000000034,-145.304846468764
0,203,394.12,190.84,Penguin 1,394.12 , 190.84,-0.120000000000005,-0.0900000000000034,-143.130102354156
0,204,394,190.75,Penguin 1,394 , 190.75,-0.120000000000005,-0.0900000000000034,-143.130102354156
0,205,393.88,190.66,Penguin 1,393.88 , 190.66,-0.129999999999995,-0.0900000000000034,-145.304846468764
0,206,393.75,190.57,Penguin 1,393.75 , 190.57,-0.129999999999995,-0.0799999999999841,-148.392497753755
0,207,393.62,190.49,Penguin 1,393.62 , 190.49,-0.120000000000005,-0.0900000000000034,-143.130102354156
0,208,393.5,190.4,Penguin 1,393.5 , 190.4,-0.100000000000023,0.449999999999989,102.528807709155
0,209,393.4,190.85,Penguin 1,393.4 , 190.85,-0.0999999999999659,0.450000000000017,102.528807709147
0,210,393.3,191.3,Penguin 1,393.3 , 191.3,-0.100000000000023,-0.100000000000023,-135
0,211,393.2,191.2,Penguin 1,393.2 , 191.2,-0.0999999999999659,-0.0999999999999943,-134.999999999992
0,212,393.1,191.1,Penguin 1,393.1 , 191.1,-0.100000000000023,-0.0999999999999943,-135.000000000008
0,213,393,191,Penguin 1,393 , 191,-0.129999999999995,-0.0300000000000011,-167.005383208083
0,214,392.87,190.97,Penguin 1,392.87 , 190.97,-0.139999999999986,-0.039999999999992,-164.054604099079
0,215,392.73,190.93,Penguin 1,392.73 , 190.93,-0.129999999999995,-0.0300000000000011,-167.005383208083
0,216,392.6,190.9,Penguin 1,392.6 , 190.9,-0.850000000000023,-1,-130.364536573098
0,217,391.75,189.9,Penguin 1,391.75 , 189.9,-0.850000000000023,-1,-130.364536573098
0,218,390.9,188.9,Penguin 1,390.9 , 188.9,-5.69999999999999,-3.80000000000001,-146.30993247402
0,219,385.2,185.1,Penguin 1,385.2 , 185.1,-3.80000000000001,-1.40000000000001,-159.775140568832
0,220,381.4,183.7,Penguin 1,381.4 , 183.7,0.600000000000023,0.600000000000023,45
0,221,382,184.3,Penguin 1,382 , 184.3,-0.139999999999986,0.0300000000000011,167.905242922986
0,222,381.86,184.33,Penguin 1,381.86 , 184.33,-0.150000000000034,0.0300000000000011,168.690067525982
0,223,381.71,184.36,Penguin 1,381.71 , 184.36,-0.139999999999986,0.0299999999999727,167.905242922997
0,224,381.57,184.39,Penguin 1,381.57 , 184.39,-0.139999999999986,0.0200000000000102,171.869897645839
0,225,381.43,184.41,Penguin 1,381.43 , 184.41,-0.139999999999986,0.0300000000000011,167.905242922986
0,226,381.29,184.44,Penguin 1,381.29 , 184.44,-0.150000000000034,0.0300000000000011,168.690067525982
0,227,381.14,184.47,Penguin 1,381.14 , 184.47,-0.139999999999986,0.0300000000000011,167.905242922986
0,228,381,184.5,Penguin 1,381 , 184.5,-0.199999999999989,-0.0200000000000102,-174.289406862497
0,229,380.8,184.48,Penguin 1,380.8 , 184.48,-0.199999999999989,-0.0199999999999818,-174.289406862505
0,230,380.6,184.46,Penguin 1,380.6 , 184.46,-0.200000000000045,-0.0200000000000102,-174.289406862499
0,231,380.4,184.44,Penguin 1,380.4 , 184.44,-0.199999999999989,-0.0200000000000102,-174.289406862497
0,232,380.2,184.42,Penguin 1,380.2 , 184.42,-0.199999999999989,-0.0199999999999818,-174.289406862505
0,233,380,184.4,Penguin 1,380 , 184.4,0.199999999999989,0.169999999999987,40.3645365730969
0,234,380.2,184.57,Penguin 1,380.2 , 184.57,0.199999999999989,0.159999999999997,38.6598082540911
0,235,380.4,184.73,Penguin 1,380.4 , 184.73,0.200000000000045,0.170000000000016,40.3645365730936
0,236,380.6,184.9,Penguin 1,380.6 , 184.9,0.0499999999999545,-0.0500000000000114,-45.0000000000326
0,237,380.65,184.85,Penguin 1,380.65 , 184.85,0.0500000000000114,-0.049999999999983,-44.9999999999837
0,238,380.7,184.8,Penguin 1,380.7 , 184.8,-0.399999999999977,0.0999999999999943,165.963756532074
0,239,380.3,184.9,Penguin 1,380.3 , 184.9,0.699999999999989,0.299999999999983,23.1985905136473
0,240,381,185.2,Penguin 1,381 , 185.2,-0.25,0.0500000000000114,168.690067525977
0,241,380.75,185.25,Penguin 1,380.75 , 185.25,-0.25,0.0500000000000114,168.690067525977
0,242,380.5,185.3,Penguin 1,380.5 , 185.3,-0.5,0,180
0,243,380,185.3,Penguin 1,380 , 185.3,0.100000000000023,0.699999999999989,81.8698976458421
0,244,380.1,186,Penguin 1,380.1 , 186,-0.700000000000045,-0.699999999999989,-135.000000000002
0,245,379.4,185.3,Penguin 1,379.4 , 185.3,-4.29999999999995,-2.40000000000001,-150.832386620422
0,246,375.1,182.9,Penguin 1,375.1 , 182.9,-0.300000000000011,-0.800000000000011,-110.556045219584
0,247,374.8,182.1,Penguin 1,374.8 , 182.1,-5.19999999999999,-2.5,-154.323184318162
0,248,369.6,179.6,Penguin 1,369.6 , 179.6,-8.70000000000005,-3.29999999999998,-159.227745317954
0,249,360.9,176.3,Penguin 1,360.9 , 176.3,0.5,0.399999999999977,38.6598082540885
0,250,361.4,176.7,Penguin 1,361.4 , 176.7,-4.29999999999995,-3.09999999999999,-144.211026540816
0,251,357.1,173.6,Penguin 1,357.1 , 173.6,-5.5,-0.299999999999983,-176.877869537884
0,252,351.6,173.3,Penguin 1,351.6 , 173.3,-0.800000000000011,0.25,162.645975363739
0,253,350.8,173.55,Penguin 1,350.8 , 173.55,-0.800000000000011,0.25,162.645975363739
0,254,350,173.8,Penguin 1,350 , 173.8,-3.60000000000002,-1.60000000000002,-156.037511025422
0,255,346.4,172.2,Penguin 1,346.4 , 172.2,-0.849999999999966,0.150000000000006,169.992020198558
0,256,345.55,172.35,Penguin 1,345.55 , 172.35,-0.850000000000023,0.150000000000006,169.992020198559
0,257,344.7,172.5,Penguin 1,344.7 , 172.5,-1.30000000000001,-2.09999999999999,-121.759480084813
0,258,343.4,170.4,Penguin 1,343.4 , 170.4,0.07000000000005,0.219999999999999,72.349875780058
0,259,343.47,170.62,Penguin 1,343.47 , 170.62,0.0799999999999841,0.22999999999999,70.820991974192
0,260,343.55,170.85,Penguin 1,343.55 , 170.85,0.0699999999999932,0.230000000000018,73.0724869358558
0,261,343.62,171.08,Penguin 1,343.62 , 171.08,0.0799999999999841,0.219999999999999,70.0168934781036
0,262,343.7,171.3,Penguin 1,343.7 , 171.3,0.0699999999999932,0.22999999999999,73.0724869358538
0,263,343.77,171.53,Penguin 1,343.77 , 171.53,0.0800000000000409,0.219999999999999,70.0168934780905
0,264,343.85,171.75,Penguin 1,343.85 , 171.75,0.0699999999999932,0.22999999999999,73.0724869358538
0,265,343.92,171.98,Penguin 1,343.92 , 171.98,0.0799999999999841,0.219999999999999,70.0168934781036
0,266,344,172.2,Penguin 1,344 , 172.2,-0.600000000000023,0,180
0,267,343.4,172.2,Penguin 1,343.4 , 172.2,-0.199999999999989,-0.129999999999995,-146.976132444203
0,268,343.2,172.07,Penguin 1,343.2 , 172.07,-0.199999999999989,-0.139999999999986,-145.007979801442
0,269,343,171.93,Penguin 1,343 , 171.93,-0.199999999999989,-0.129999999999995,-146.976132444203
0,270,342.8,171.8,Penguin 1,342.8 , 171.8,0.0399999999999636,-0.0200000000000102,-26.5650511771106
0,271,342.84,171.78,Penguin 1,342.84 , 171.78,0.0400000000000205,-0.0300000000000011,-36.869897645831
0,272,342.88,171.75,Penguin 1,342.88 , 171.75,0.0300000000000296,-0.0200000000000102,-33.6900675259673
0,273,342.91,171.73,Penguin 1,342.91 , 171.73,0.0399999999999636,-0.0300000000000011,-36.8698976458701
0,274,342.95,171.7,Penguin 1,342.95 , 171.7,0.0400000000000205,-0.0199999999999818,-26.5650511770454
0,275,342.99,171.68,Penguin 1,342.99 , 171.68,0.0399999999999636,-0.0300000000000011,-36.8698976458701
0,276,343.03,171.65,Penguin 1,343.03 , 171.65,0.0300000000000296,-0.0200000000000102,-33.6900675259673
0,277,343.06,171.63,Penguin 1,343.06 , 171.63,0.0400000000000205,-0.0300000000000011,-36.869897645831
0,278,343.1,171.6,Penguin 1,343.1 , 171.6,0.0399999999999636,-0.0199999999999818,-26.565051177078
0,279,343.14,171.58,Penguin 1,343.14 , 171.58,0.0400000000000205,-0.0300000000000011,-36.869897645831
0,280,343.18,171.55,Penguin 1,343.18 , 171.55,0.0299999999999727,-0.0200000000000102,-33.6900675260174
0,281,343.21,171.53,Penguin 1,343.21 , 171.53,0.0400000000000205,-0.0300000000000011,-36.869897645831
0,282,343.25,171.5,Penguin 1,343.25 , 171.5,0.0400000000000205,-0.0300000000000011,-36.869897645831
0,283,343.29,171.47,Penguin 1,343.29 , 171.47,0.0299999999999727,-0.0200000000000102,-33.6900675260174
0,284,343.32,171.45,Penguin 1,343.32 , 171.45,0.0400000000000205,-0.0300000000000011,-36.869897645831
0,285,343.36,171.42,Penguin 1,343.36 , 171.42,0.0399999999999636,-0.0199999999999818,-26.565051177078
0,286,343.4,171.4,Penguin 1,343.4 , 171.4,-0.42999999999995,-0.77000000000001,-119.180806052497
0,287,342.97,170.63,Penguin 1,342.97 , 170.63,-0.440000000000055,-0.759999999999991,-120.068582821866
0,288,342.53,169.87,Penguin 1,342.53 , 169.87,-0.42999999999995,-0.77000000000001,-119.180806052497
0,289,342.1,169.1,Penguin 1,342.1 , 169.1,-10.4,-4,-158.962488974578
0,290,331.7,165.1,Penguin 1,331.7 , 165.1,-3,-1,-161.565051177078
0,291,328.7,164.1,Penguin 1,328.7 , 164.1,-0.699999999999989,-0.319999999999993,-155.432828679399
0,292,328,163.78,Penguin 1,328 , 163.78,-0.699999999999989,-0.330000000000013,-154.759470735212
0,293,327.3,163.45,Penguin 1,327.3 , 163.45,-0.699999999999989,-0.319999999999993,-155.432828679399
0,294,326.6,163.13,Penguin 1,326.6 , 163.13,-0.700000000000045,-0.329999999999984,-154.759470735216
0,295,325.9,162.8,Penguin 1,325.9 , 162.8,-2,0.5,165.963756532074
0,296,323.9,163.3,Penguin 1,323.9 , 163.3,0.400000000000034,1,68.1985905136465
0,297,324.3,164.3,Penguin 1,324.3 , 164.3,-0.460000000000036,-0.240000000000009,-152.447188423283
0,298,323.84,164.06,Penguin 1,323.84 , 164.06,-0.45999999999998,-0.240000000000009,-152.44718842328
0,299,323.38,163.82,Penguin 1,323.38 , 163.82,-0.45999999999998,-0.239999999999981,-152.447188423283
0,300,322.92,163.58,Penguin 1,322.92 , 163.58,-0.460000000000036,-0.240000000000009,-152.447188423283
0,301,322.46,163.34,Penguin 1,322.46 , 163.34,-0.45999999999998,-0.240000000000009,-152.44718842328
0,302,322,163.1,Penguin 1,322 , 163.1,0.550000000000011,0.200000000000017,19.9831065219012
0,303,322.55,163.3,Penguin 1,322.55 , 163.3,0.550000000000011,0.199999999999989,19.9831065218986
0,304,323.1,163.5,Penguin 1,323.1 , 163.5,-3.5,-2,-150.255118703058
0,305,319.6,161.5,Penguin 1,319.6 , 161.5,-7.10000000000002,-4.30000000000001,-148.799485396019
0,306,312.5,157.2,Penguin 1,312.5 , 157.2,-8,-2.39999999999998,-163.300755766007
0,307,304.5,154.8,Penguin 1,304.5 , 154.8,-3.30000000000001,0.899999999999977,164.744881296943
0,308,301.2,155.7,Penguin 1,301.2 , 155.7,-1.05000000000001,-0.149999999999977,-171.869897645845
0,309,300.15,155.55,Penguin 1,300.15 , 155.55,-1.04999999999995,-0.150000000000006,-171.869897645843
0,310,299.1,155.4,Penguin 1,299.1 , 155.4,-0.170000000000016,0,180
0,311,298.93,155.4,Penguin 1,298.93 , 155.4,-0.170000000000016,0,180
0,312,298.76,155.4,Penguin 1,298.76 , 155.4,-0.170000000000016,0,180
0,313,298.59,155.4,Penguin 1,298.59 , 155.4,-0.17999999999995,0,180
0,314,298.41,155.4,Penguin 1,298.41 , 155.4,-0.170000000000016,0,180
0,315,298.24,155.4,Penguin 1,298.24 , 155.4,-0.170000000000016,0,180
0,316,298.07,155.4,Penguin 1,298.07 , 155.4,-0.170000000000016,0,180
0,317,297.9,155.4,Penguin 1,297.9 , 155.4,-0.629999999999995,0.569999999999993,137.862405226112
0,318,297.27,155.97,Penguin 1,297.27 , 155.97,-0.639999999999986,0.560000000000002,138.81407483429
0,319,296.63,156.53,Penguin 1,296.63 , 156.53,-0.629999999999995,0.569999999999993,137.862405226112
0,320,296,157.1,Penguin 1,296 , 157.1,-2.60000000000002,-1.15000000000001,-156.139824808658
0,321,293.4,155.95,Penguin 1,293.4 , 155.95,-2.59999999999997,-1.14999999999998,-156.139824808658
0,322,290.8,154.8,Penguin 1,290.8 , 154.8,-11.5,-3.30000000000001,-163.988822521192
0,323,279.3,151.5,Penguin 1,279.3 , 151.5,0,0,0
0,324,279.3,151.5,Penguin 1,279.3 , 151.5,0,0,0
0,325,279.3,151.5,Penguin 1,279.3 , 151.5,0,0,0
0,326,279.3,151.5,Penguin 1,279.3 , 151.5,0,0,0
0,327,279.3,151.5,Penguin 1,279.3 , 151.5,0,0,0
0,328,279.3,151.5,Penguin 1,279.3 , 151.5,0,0,0
0,329,279.3,151.5,Penguin 1,279.3 , 151.5,0,0,0
0,330,279.3,151.5,Penguin 1,279.3 , 151.5,0,0,0
0,331,279.3,151.5,Penguin 1,279.3 , 151.5,0,0,0
0,332,279.3,151.5,Penguin 1,279.3 , 151.5,0,0,0
0,333,279.3,151.5,Penguin 1,279.3 , 151.5,0,0,0
0,334,279.3,151.5,Penguin 1,279.3 , 151.5,0,0,0
0,335,279.3,151.5,Penguin 1,279.3 , 151.5,0,0,0
0,336,279.3,151.5,Penguin 1,279.3 , 151.5,0,0,0
0,337,279.3,151.5,Penguin 1,279.3 , 151.5,0,0,0
0,338,279.3,151.5,Penguin 1,279.3 , 151.5,0,0,0
0,339,279.3,151.5,Penguin 1,279.3 , 151.5,0,0,0
0,340,279.3,151.5,Penguin 1,279.3 , 151.5,0,0,0
0,341,279.3,151.5,Penguin 1,279.3 , 151.5,0,0,0
0,342,279.3,151.5,Penguin 1,279.3 , 151.5,0,0,0
0,343,279.3,151.5,Penguin 1,279.3 , 151.5,0,0,0
0,344,279.3,151.5,Penguin 1,279.3 , 151.5,0,0,0
0,345,279.3,151.5,Penguin 1,279.3 , 151.5,0,0,0
0,346,279.3,151.5,Penguin 1,279.3 , 151.5,0,0,0
0,347,279.3,151.5,Penguin 1,279.3 , 151.5,0,0,0
0,348,279.3,151.5,Penguin 1,279.3 , 151.5,0,0,0
0,349,279.3,151.5,Penguin 1,279.3 , 151.5,0,0,0
0,350,279.3,151.5,Penguin 1,279.3 , 151.5,0,0,0
0,351,279.3,151.5,Penguin 1,279.3 , 151.5,0,0,0
0,352,279.3,151.5,Penguin 1,279.3 , 151.5,0,0,0
0,353,279.3,151.5,Penguin 1,279.3 , 151.5,0,0,0
0,354,279.3,151.5,Penguin 1,279.3 , 151.5,0,0,0
0,355,279.3,151.5,Penguin 1,279.3 , 151.5,0,0,0
0,356,279.3,151.5,Penguin 1,279.3 , 151.5,0,0,0
0,357,279.3,151.5,Penguin 1,279.3 , 151.5,0,0,0
0,358,279.3,151.5,Penguin 1,279.3 , 151.5,0,0,0
0,359,279.3,151.5,Penguin 1,279.3 , 151.5,0,0,0
0,360,279.3,151.5,Penguin 1,279.3 , 151.5,0,0,0
0,361,279.3,151.5,Penguin 1,279.3 , 151.5,0,0,0
0,362,279.3,151.5,Penguin 1,279.3 , 151.5,0,0,0
0,363,279.3,151.5,Penguin 1,279.3 , 151.5,0,0,0
0,364,279.3,151.5,Penguin 1,279.3 , 151.5,0,0,0
0,365,279.3,151.5,Penguin 1,279.3 , 151.5,0,0,0
0,366,279.3,151.5,Penguin 1,279.3 , 151.5,0,0,0
0,367,279.3,151.5,Penguin 1,279.3 , 151.5,0,0,0
0,368,279.3,151.5,Penguin 1,279.3 , 151.5,0,0,0
0,369,279.3,151.5,Penguin 1,279.3 , 151.5,0,0,0
0,370,279.3,151.5,Penguin 1,279.3 , 151.5,0,0,0
0,371,279.3,151.5,Penguin 1,279.3 , 151.5,0,0,0
0,372,279.3,151.5,Penguin 1,279.3 , 151.5,0,0,0
0,373,279.3,151.5,Penguin 1,279.3 , 151.5,0,0,0
0,374,279.3,151.5,Penguin 1,279.3 , 151.5,0,0,0
0,375,279.3,151.5,Penguin 1,279.3 , 151.5,0,0,0
0,376,279.3,151.5,Penguin 1,279.3 , 151.5,0,0,0
0,377,279.3,151.5,Penguin 1,279.3 , 151.5,0,0,0
0,378,279.3,151.5,Penguin 1,279.3 , 151.5,0,0,0
0,379,279.3,151.5,Penguin 1,279.3 , 151.5,0,0,0
0,380,279.3,151.5,Penguin 1,279.3 , 151.5,0,0,0
0,381,279.3,151.5,Penguin 1,279.3 , 151.5,0,0,0
0,382,279.3,151.5,Penguin 1,279.3 , 151.5,0,0,0
0,383,279.3,151.5,Penguin 1,279.3 , 151.5,0,0,0
0,384,279.3,151.5,Penguin 1,279.3 , 151.5,0,0,0
0,385,279.3,151.5,Penguin 1,279.3 , 151.5,0,0,0
0,386,279.3,151.5,Penguin 1,279.3 , 151.5,0,0,0
0,387,279.3,151.5,Penguin 1,279.3 , 151.5,0,0,0
0,388,279.3,151.5,Penguin 1,279.3 , 151.5,0,0,0
0,389,279.3,151.5,Penguin 1,279.3 , 151.5,0,0,0
0,390,279.3,151.5,Penguin 1,279.3 , 151.5,0,0,0
0,391,279.3,151.5,Penguin 1,279.3 , 151.5,0,0,0
0,392,279.3,151.5,Penguin 1,279.3 , 151.5,0,0,0
0,393,279.3,151.5,Penguin 1,279.3 , 151.5,0,0,0
0,394,279.3,151.5,Penguin 1,279.3 , 151.5,0,0,0
0,395,279.3,151.5,Penguin 1,279.3 , 151.5,0,0,0
0,396,279.3,151.5,Penguin 1,279.3 , 151.5,0,0,0
0,397,279.3,151.5,Penguin 1,279.3 , 151.5,0,0,0
0,398,279.3,151.5,Penguin 1,279.3 , 151.5,0,0,0
0,399,279.3,151.5,Penguin 1,279.3 , 151.5,0,0,0
0,400,279.3,151.5,Penguin 1,279.3 , 151.5,NA,NA,NA
1,0,410.68,199.01,Penguin 2,410.68 , 199.01,-2.18000000000001,-0.909999999999997,-157.342820970935
1,1,408.5,198.1,Penguin 2,408.5 , 198.1,-0.25,-0.039999999999992,-170.909723079179
1,2,408.25,198.06,Penguin 2,408.25 , 198.06,-0.25,-0.0500000000000114,-168.690067525977
1,3,408,198.01,Penguin 2,408 , 198.01,-0.25,-0.039999999999992,-170.909723079179
1,4,407.75,197.97,Penguin 2,407.75 , 197.97,-0.25,-0.039999999999992,-170.909723079179
1,5,407.5,197.93,Penguin 2,407.5 , 197.93,-0.25,-0.0400000000000205,-170.909723079173
1,6,407.25,197.89,Penguin 2,407.25 , 197.89,-0.25,-0.049999999999983,-168.690067525984
1,7,407,197.84,Penguin 2,407 , 197.84,-0.25,-0.039999999999992,-170.909723079179
1,8,406.75,197.8,Penguin 2,406.75 , 197.8,-0.25,-0.0400000000000205,-170.909723079173
1,9,406.5,197.76,Penguin 2,406.5 , 197.76,-0.25,-0.049999999999983,-168.690067525984
1,10,406.25,197.71,Penguin 2,406.25 , 197.71,-0.25,-0.0400000000000205,-170.909723079173
1,11,406,197.67,Penguin 2,406 , 197.67,-0.25,-0.039999999999992,-170.909723079179
1,12,405.75,197.63,Penguin 2,405.75 , 197.63,-0.25,-0.039999999999992,-170.909723079179
1,13,405.5,197.59,Penguin 2,405.5 , 197.59,-0.25,-0.0500000000000114,-168.690067525977
1,14,405.25,197.54,Penguin 2,405.25 , 197.54,-0.25,-0.039999999999992,-170.909723079179
1,15,405,197.5,Penguin 2,405 , 197.5,-2.80000000000001,-0.599999999999994,-167.905242922988
1,16,402.2,196.9,Penguin 2,402.2 , 196.9,-0.120000000000005,-0.0600000000000023,-153.434948822922
1,17,402.08,196.84,Penguin 2,402.08 , 196.84,-0.120000000000005,-0.0500000000000114,-157.380135051956
1,18,401.96,196.79,Penguin 2,401.96 , 196.79,-0.129999999999995,-0.0600000000000023,-155.224859431166
1,19,401.83,196.73,Penguin 2,401.83 , 196.73,-0.120000000000005,-0.0600000000000023,-153.434948822922
1,20,401.71,196.67,Penguin 2,401.71 , 196.67,-0.120000000000005,-0.0599999999999739,-153.434948822933
1,21,401.59,196.61,Penguin 2,401.59 , 196.61,-0.119999999999948,-0.0500000000000114,-157.380135051946
1,22,401.47,196.56,Penguin 2,401.47 , 196.56,-0.130000000000052,-0.0600000000000023,-155.224859431176
1,23,401.34,196.5,Penguin 2,401.34 , 196.5,-0.119999999999948,-0.0600000000000023,-153.434948822911
1,24,401.22,196.44,Penguin 2,401.22 , 196.44,-0.120000000000005,-0.0500000000000114,-157.380135051956
1,25,401.1,196.39,Penguin 2,401.1 , 196.39,-0.120000000000005,-0.0599999999999739,-153.434948822933
1,26,400.98,196.33,Penguin 2,400.98 , 196.33,-0.129999999999995,-0.0600000000000023,-155.224859431166
1,27,400.85,196.27,Penguin 2,400.85 , 196.27,-0.120000000000005,-0.0600000000000023,-153.434948822922
1,28,400.73,196.21,Penguin 2,400.73 , 196.21,-0.120000000000005,-0.0500000000000114,-157.380135051956
1,29,400.61,196.16,Penguin 2,400.61 , 196.16,-0.120000000000005,-0.0600000000000023,-153.434948822922
1,30,400.49,196.1,Penguin 2,400.49 , 196.1,-0.129999999999995,-0.0600000000000023,-155.224859431166
1,31,400.36,196.04,Penguin 2,400.36 , 196.04,-0.120000000000005,-0.049999999999983,-157.380135051967
1,32,400.24,195.99,Penguin 2,400.24 , 195.99,-0.120000000000005,-0.0600000000000023,-153.434948822922
1,33,400.12,195.93,Penguin 2,400.12 , 195.93,-0.120000000000005,-0.0600000000000023,-153.434948822922
1,34,400,195.87,Penguin 2,400 , 195.87,-0.129999999999995,-0.0600000000000023,-155.224859431166
1,35,399.87,195.81,Penguin 2,399.87 , 195.81,-0.120000000000005,-0.0500000000000114,-157.380135051956
1,36,399.75,195.76,Penguin 2,399.75 , 195.76,-0.120000000000005,-0.0600000000000023,-153.434948822922
1,37,399.63,195.7,Penguin 2,399.63 , 195.7,-0.120000000000005,-0.0600000000000023,-153.434948822922
1,38,399.51,195.64,Penguin 2,399.51 , 195.64,-0.129999999999995,-0.049999999999983,-158.962488974584
1,39,399.38,195.59,Penguin 2,399.38 , 195.59,-0.120000000000005,-0.0600000000000023,-153.434948822922
1,40,399.26,195.53,Penguin 2,399.26 , 195.53,-0.120000000000005,-0.0600000000000023,-153.434948822922
1,41,399.14,195.47,Penguin 2,399.14 , 195.47,-0.120000000000005,-0.0600000000000023,-153.434948822922
1,42,399.02,195.41,Penguin 2,399.02 , 195.41,-0.129999999999995,-0.049999999999983,-158.962488974584
1,43,398.89,195.36,Penguin 2,398.89 , 195.36,-0.120000000000005,-0.0600000000000023,-153.434948822922
1,44,398.77,195.3,Penguin 2,398.77 , 195.3,-0.120000000000005,-0.0600000000000023,-153.434948822922
1,45,398.65,195.24,Penguin 2,398.65 , 195.24,-0.120000000000005,-0.0500000000000114,-157.380135051956
1,46,398.53,195.19,Penguin 2,398.53 , 195.19,-0.129999999999995,-0.0600000000000023,-155.224859431166
1,47,398.4,195.13,Penguin 2,398.4 , 195.13,-0.120000000000005,-0.0600000000000023,-153.434948822922
1,48,398.28,195.07,Penguin 2,398.28 , 195.07,-0.119999999999948,-0.0600000000000023,-153.434948822911
1,49,398.16,195.01,Penguin 2,398.16 , 195.01,-0.120000000000005,-0.049999999999983,-157.380135051967
1,50,398.04,194.96,Penguin 2,398.04 , 194.96,-0.129999999999995,-0.0600000000000023,-155.224859431166
1,51,397.91,194.9,Penguin 2,397.91 , 194.9,-0.120000000000005,-0.0600000000000023,-153.434948822922
1,52,397.79,194.84,Penguin 2,397.79 , 194.84,-0.120000000000005,-0.0500000000000114,-157.380135051956
1,53,397.67,194.79,Penguin 2,397.67 , 194.79,-0.120000000000005,-0.0600000000000023,-153.434948822922
1,54,397.55,194.73,Penguin 2,397.55 , 194.73,-0.129999999999995,-0.0600000000000023,-155.224859431166
1,55,397.42,194.67,Penguin 2,397.42 , 194.67,-0.120000000000005,-0.0599999999999739,-153.434948822933
1,56,397.3,194.61,Penguin 2,397.3 , 194.61,-0.120000000000005,-0.0500000000000114,-157.380135051956
1,57,397.18,194.56,Penguin 2,397.18 , 194.56,-0.120000000000005,-0.0600000000000023,-153.434948822922
1,58,397.06,194.5,Penguin 2,397.06 , 194.5,-0.129999999999995,-0.0600000000000023,-155.224859431166
1,59,396.93,194.44,Penguin 2,396.93 , 194.44,-0.120000000000005,-0.0500000000000114,-157.380135051956
1,60,396.81,194.39,Penguin 2,396.81 , 194.39,-0.120000000000005,-0.0599999999999739,-153.434948822933
1,61,396.69,194.33,Penguin 2,396.69 , 194.33,-0.120000000000005,-0.0600000000000023,-153.434948822922
1,62,396.57,194.27,Penguin 2,396.57 , 194.27,-0.129999999999995,-0.0600000000000023,-155.224859431166
1,63,396.44,194.21,Penguin 2,396.44 , 194.21,-0.120000000000005,-0.0500000000000114,-157.380135051956
1,64,396.32,194.16,Penguin 2,396.32 , 194.16,-0.120000000000005,-0.0600000000000023,-153.434948822922
1,65,396.2,194.1,Penguin 2,396.2 , 194.1,0.900000000000034,-2.19999999999999,-67.7509763427868
1,66,397.1,191.9,Penguin 2,397.1 , 191.9,-0.450000000000045,0,180
1,67,396.65,191.9,Penguin 2,396.65 , 191.9,-0.449999999999989,0,180
1,68,396.2,191.9,Penguin 2,396.2 , 191.9,-1,-0.469999999999999,-154.82647547547
1,69,395.2,191.43,Penguin 2,395.2 , 191.43,-1,-0.460000000000008,-155.297569772228
1,70,394.2,190.97,Penguin 2,394.2 , 190.97,-1,-0.469999999999999,-154.82647547547
1,71,393.2,190.5,Penguin 2,393.2 , 190.5,-1,-0.469999999999999,-154.82647547547
1,72,392.2,190.03,Penguin 2,392.2 , 190.03,-1,-0.460000000000008,-155.297569772228
1,73,391.2,189.57,Penguin 2,391.2 , 189.57,-1,-0.469999999999999,-154.82647547547
1,74,390.2,189.1,Penguin 2,390.2 , 189.1,-1.89999999999998,-2.19999999999999,-130.815083874881
1,75,388.3,186.9,Penguin 2,388.3 , 186.9,-2.5,0,180
1,76,385.8,186.9,Penguin 2,385.8 , 186.9,-2.19999999999999,0.599999999999994,164.744881296942
1,77,383.6,187.5,Penguin 2,383.6 , 187.5,-1.03000000000003,0.72999999999999,144.673355432405
1,78,382.57,188.23,Penguin 2,382.57 , 188.23,-1.04000000000002,0.740000000000009,144.566685989715
1,79,381.53,188.97,Penguin 2,381.53 , 188.97,-1.02999999999997,0.72999999999999,144.673355432403
1,80,380.5,189.7,Penguin 2,380.5 , 189.7,0.0500000000000114,-0.269999999999982,-79.5085229876654
1,81,380.55,189.43,Penguin 2,380.55 , 189.43,0.0500000000000114,-0.260000000000019,-79.1144729453396
1,82,380.6,189.17,Penguin 2,380.6 , 189.17,0.0499999999999545,-0.269999999999982,-79.508522987677
1,83,380.65,188.9,Penguin 2,380.65 , 188.9,0.0500000000000114,-0.27000000000001,-79.5085229876665
1,84,380.7,188.63,Penguin 2,380.7 , 188.63,0.0500000000000114,-0.259999999999991,-79.1144729453385
1,85,380.75,188.37,Penguin 2,380.75 , 188.37,0.0500000000000114,-0.27000000000001,-79.5085229876665
1,86,380.8,188.1,Penguin 2,380.8 , 188.1,-0.0200000000000387,-0.120000000000005,-99.4623222080432
1,87,380.78,187.98,Penguin 2,380.78 , 187.98,-0.0199999999999818,-0.119999999999976,-99.462322208019
1,88,380.76,187.86,Penguin 2,380.76 , 187.86,-0.0199999999999818,-0.120000000000005,-99.4623222080168
1,89,380.74,187.74,Penguin 2,380.74 , 187.74,-0.0099999999999909,-0.110000000000014,-95.1944289077295
1,90,380.73,187.63,Penguin 2,380.73 , 187.63,-0.0200000000000387,-0.120000000000005,-99.4623222080432
1,91,380.71,187.51,Penguin 2,380.71 , 187.51,-0.0199999999999818,-0.120000000000005,-99.4623222080168
1,92,380.69,187.39,Penguin 2,380.69 , 187.39,-0.0199999999999818,-0.119999999999976,-99.462322208019
1,93,380.67,187.27,Penguin 2,380.67 , 187.27,-0.0200000000000387,-0.120000000000005,-99.4623222080432
1,94,380.65,187.15,Penguin 2,380.65 , 187.15,-0.0199999999999818,-0.120000000000005,-99.4623222080168
1,95,380.63,187.03,Penguin 2,380.63 , 187.03,-0.0199999999999818,-0.120000000000005,-99.4623222080168
1,96,380.61,186.91,Penguin 2,380.61 , 186.91,-0.0200000000000387,-0.120000000000005,-99.4623222080432
1,97,380.59,186.79,Penguin 2,380.59 , 186.79,-0.0099999999999909,-0.109999999999985,-95.1944289077308
1,98,380.58,186.68,Penguin 2,380.58 , 186.68,-0.0199999999999818,-0.120000000000005,-99.4623222080168
1,99,380.56,186.56,Penguin 2,380.56 , 186.56,-0.0199999999999818,-0.120000000000005,-99.4623222080168
1,100,380.54,186.44,Penguin 2,380.54 , 186.44,-0.0200000000000387,-0.120000000000005,-99.4623222080432
1,101,380.52,186.32,Penguin 2,380.52 , 186.32,-0.0199999999999818,-0.120000000000005,-99.4623222080168
1,102,380.5,186.2,Penguin 2,380.5 , 186.2,-1.60000000000002,-0.299999999999983,-169.380344723846
1,103,378.9,185.9,Penguin 2,378.9 , 185.9,-0.229999999999961,-0.0500000000000114,-167.735226272103
1,104,378.67,185.85,Penguin 2,378.67 , 185.85,-0.230000000000018,-0.049999999999983,-167.735226272113
1,105,378.44,185.8,Penguin 2,378.44 , 185.8,-0.230000000000018,-0.0500000000000114,-167.735226272106
1,106,378.21,185.75,Penguin 2,378.21 , 185.75,-0.229999999999961,-0.0500000000000114,-167.735226272103
1,107,377.98,185.7,Penguin 2,377.98 , 185.7,-0.230000000000018,-0.049999999999983,-167.735226272113
1,108,377.75,185.65,Penguin 2,377.75 , 185.65,-0.230000000000018,-0.0500000000000114,-167.735226272106
1,109,377.52,185.6,Penguin 2,377.52 , 185.6,-0.240000000000009,-0.049999999999983,-168.231711067984
1,110,377.28,185.55,Penguin 2,377.28 , 185.55,-0.229999999999961,-0.0500000000000114,-167.735226272103
1,111,377.05,185.5,Penguin 2,377.05 , 185.5,-0.230000000000018,-0.0500000000000114,-167.735226272106
1,112,376.82,185.45,Penguin 2,376.82 , 185.45,-0.230000000000018,-0.049999999999983,-167.735226272113
1,113,376.59,185.4,Penguin 2,376.59 , 185.4,-0.229999999999961,-0.0500000000000114,-167.735226272103
1,114,376.36,185.35,Penguin 2,376.36 , 185.35,-0.230000000000018,-0.049999999999983,-167.735226272113
1,115,376.13,185.3,Penguin 2,376.13 , 185.3,-0.230000000000018,-0.0500000000000114,-167.735226272106
1,116,375.9,185.25,Penguin 2,375.9 , 185.25,-0.229999999999961,-0.0500000000000114,-167.735226272103
1,117,375.67,185.2,Penguin 2,375.67 , 185.2,-0.230000000000018,-0.049999999999983,-167.735226272113
1,118,375.44,185.15,Penguin 2,375.44 , 185.15,-0.230000000000018,-0.0500000000000114,-167.735226272106
1,119,375.21,185.1,Penguin 2,375.21 , 185.1,-0.229999999999961,-0.049999999999983,-167.73522627211
1,120,374.98,185.05,Penguin 2,374.98 , 185.05,-0.230000000000018,-0.0500000000000114,-167.735226272106
1,121,374.75,185,Penguin 2,374.75 , 185,-0.230000000000018,-0.0500000000000114,-167.735226272106
1,122,374.52,184.95,Penguin 2,374.52 , 184.95,-0.240000000000009,-0.049999999999983,-168.231711067984
1,123,374.28,184.9,Penguin 2,374.28 , 184.9,-0.229999999999961,-0.0500000000000114,-167.735226272103
1,124,374.05,184.85,Penguin 2,374.05 , 184.85,-0.230000000000018,-0.049999999999983,-167.735226272113
1,125,373.82,184.8,Penguin 2,373.82 , 184.8,-0.230000000000018,-0.0500000000000114,-167.735226272106
1,126,373.59,184.75,Penguin 2,373.59 , 184.75,-0.229999999999961,-0.0500000000000114,-167.735226272103
1,127,373.36,184.7,Penguin 2,373.36 , 184.7,-0.230000000000018,-0.049999999999983,-167.735226272113
1,128,373.13,184.65,Penguin 2,373.13 , 184.65,-0.230000000000018,-0.0500000000000114,-167.735226272106
1,129,372.9,184.6,Penguin 2,372.9 , 184.6,-0.560000000000002,-0.5,-138.239700296102
1,130,372.34,184.1,Penguin 2,372.34 , 184.1,-0.560000000000002,-0.5,-138.239700296102
1,131,371.78,183.6,Penguin 2,371.78 , 183.6,-0.559999999999945,-0.5,-138.239700296099
1,132,371.22,183.1,Penguin 2,371.22 , 183.1,-0.560000000000002,-0.5,-138.239700296102
1,133,370.66,182.6,Penguin 2,370.66 , 182.6,-0.560000000000002,-0.5,-138.239700296102
1,134,370.1,182.1,Penguin 2,370.1 , 182.1,-1.03000000000003,-0.430000000000007,-157.340647959994
1,135,369.07,181.67,Penguin 2,369.07 , 181.67,-1.04000000000002,-0.439999999999998,-157.067899562411
1,136,368.03,181.23,Penguin 2,368.03 , 181.23,-1.02999999999997,-0.429999999999978,-157.340647959995
1,137,367,180.8,Penguin 2,367 , 180.8,-2.80000000000001,-0.600000000000023,-167.905242922988
1,138,364.2,180.2,Penguin 2,364.2 , 180.2,0,-0.0799999999999841,-90
1,139,364.2,180.12,Penguin 2,364.2 , 180.12,0,-0.0800000000000125,-90
1,140,364.2,180.04,Penguin 2,364.2 , 180.04,0,-0.0799999999999841,-90
1,141,364.2,179.96,Penguin 2,364.2 , 179.96,0,-0.0800000000000125,-90
1,142,364.2,179.88,Penguin 2,364.2 , 179.88,0,-0.0900000000000034,-90
1,143,364.2,179.79,Penguin 2,364.2 , 179.79,0,-0.0799999999999841,-90
1,144,364.2,179.71,Penguin 2,364.2 , 179.71,0,-0.0800000000000125,-90
1,145,364.2,179.63,Penguin 2,364.2 , 179.63,0,-0.0799999999999841,-90
1,146,364.2,179.55,Penguin 2,364.2 , 179.55,0,-0.0800000000000125,-90
1,147,364.2,179.47,Penguin 2,364.2 , 179.47,0,-0.0800000000000125,-90
1,148,364.2,179.39,Penguin 2,364.2 , 179.39,0,-0.0799999999999841,-90
1,149,364.2,179.31,Penguin 2,364.2 , 179.31,0,-0.0900000000000034,-90
1,150,364.2,179.22,Penguin 2,364.2 , 179.22,0,-0.0800000000000125,-90
1,151,364.2,179.14,Penguin 2,364.2 , 179.14,0,-0.0799999999999841,-90
1,152,364.2,179.06,Penguin 2,364.2 , 179.06,0,-0.0800000000000125,-90
1,153,364.2,178.98,Penguin 2,364.2 , 178.98,0,-0.0799999999999841,-90
1,154,364.2,178.9,Penguin 2,364.2 , 178.9,-0.25,0.049999999999983,168.690067525984
1,155,363.95,178.95,Penguin 2,363.95 , 178.95,-0.259999999999991,0.0600000000000023,167.005383208083
1,156,363.69,179.01,Penguin 2,363.69 , 179.01,-0.25,0.0500000000000114,168.690067525977
1,157,363.44,179.06,Penguin 2,363.44 , 179.06,-0.259999999999991,0.0600000000000023,167.005383208083
1,158,363.18,179.12,Penguin 2,363.18 , 179.12,-0.25,0.049999999999983,168.690067525984
1,159,362.93,179.17,Penguin 2,362.93 , 179.17,-0.259999999999991,0.0600000000000023,167.005383208083
1,160,362.67,179.23,Penguin 2,362.67 , 179.23,-0.25,0.0500000000000114,168.690067525977
1,161,362.42,179.28,Penguin 2,362.42 , 179.28,-0.259999999999991,0.0600000000000023,167.005383208083
1,162,362.16,179.34,Penguin 2,362.16 , 179.34,-0.25,0.049999999999983,168.690067525984
1,163,361.91,179.39,Penguin 2,361.91 , 179.39,-0.260000000000048,0.0600000000000023,167.005383208085
1,164,361.65,179.45,Penguin 2,361.65 , 179.45,-0.25,0.0500000000000114,168.690067525977
1,165,361.4,179.5,Penguin 2,361.4 , 179.5,-2.5,0.599999999999994,166.504266719204
1,166,358.9,180.1,Penguin 2,358.9 , 180.1,-1.89999999999998,-1.29999999999998,-145.619655276155
1,167,357,178.8,Penguin 2,357 , 178.8,-0.730000000000018,0,180
1,168,356.27,178.8,Penguin 2,356.27 , 178.8,-0.740000000000009,0,180
1,169,355.53,178.8,Penguin 2,355.53 , 178.8,-0.729999999999961,0,180
1,170,354.8,178.8,Penguin 2,354.8 , 178.8,-2.5,-1.60000000000002,-147.380756928807
1,171,352.3,177.2,Penguin 2,352.3 , 177.2,-0.240000000000009,-0.109999999999985,-155.37643521384
1,172,352.06,177.09,Penguin 2,352.06 , 177.09,-0.230000000000018,-0.110000000000014,-154.440034828175
1,173,351.83,176.98,Penguin 2,351.83 , 176.98,-0.240000000000009,-0.119999999999976,-153.434948822927
1,174,351.59,176.86,Penguin 2,351.59 , 176.86,-0.239999999999952,-0.110000000000014,-155.376435213829
1,175,351.35,176.75,Penguin 2,351.35 , 176.75,-0.240000000000009,-0.110000000000014,-155.376435213835
1,176,351.11,176.64,Penguin 2,351.11 , 176.64,-0.230000000000018,-0.109999999999985,-154.440034828181
1,177,350.88,176.53,Penguin 2,350.88 , 176.53,-0.240000000000009,-0.120000000000005,-153.434948822922
1,178,350.64,176.41,Penguin 2,350.64 , 176.41,-0.240000000000009,-0.109999999999985,-155.37643521384
1,179,350.4,176.3,Penguin 2,350.4 , 176.3,-0.399999999999977,-0.230000000000018,-150.101098161382
1,180,350,176.07,Penguin 2,350 , 176.07,-0.399999999999977,-0.22999999999999,-150.101098161385
1,181,349.6,175.84,Penguin 2,349.6 , 175.84,-0.400000000000034,-0.22999999999999,-150.101098161389
1,182,349.2,175.61,Penguin 2,349.2 , 175.61,-0.399999999999977,-0.220000000000027,-151.189206257023
1,183,348.8,175.39,Penguin 2,348.8 , 175.39,-0.400000000000034,-0.22999999999999,-150.101098161389
1,184,348.4,175.16,Penguin 2,348.4 , 175.16,-0.399999999999977,-0.22999999999999,-150.101098161385
1,185,348,174.93,Penguin 2,348 , 174.93,-0.399999999999977,-0.230000000000018,-150.101098161382
1,186,347.6,174.7,Penguin 2,347.6 , 174.7,-0.260000000000048,0,180
1,187,347.34,174.7,Penguin 2,347.34 , 174.7,-0.259999999999991,0,180
1,188,347.08,174.7,Penguin 2,347.08 , 174.7,-0.25,0,180
1,189,346.83,174.7,Penguin 2,346.83 , 174.7,-0.259999999999991,0,180
1,190,346.57,174.7,Penguin 2,346.57 , 174.7,-0.259999999999991,0,180
1,191,346.31,174.7,Penguin 2,346.31 , 174.7,-0.259999999999991,0,180
1,192,346.05,174.7,Penguin 2,346.05 , 174.7,-0.259999999999991,0,180
1,193,345.79,174.7,Penguin 2,345.79 , 174.7,-0.260000000000048,0,180
1,194,345.53,174.7,Penguin 2,345.53 , 174.7,-0.25,0,180
1,195,345.28,174.7,Penguin 2,345.28 , 174.7,-0.259999999999991,0,180
1,196,345.02,174.7,Penguin 2,345.02 , 174.7,-0.259999999999991,0,180
1,197,344.76,174.7,Penguin 2,344.76 , 174.7,-0.259999999999991,0,180
1,198,344.5,174.7,Penguin 2,344.5 , 174.7,-0.899999999999977,-1.59999999999999,-119.357753542791
1,199,343.6,173.1,Penguin 2,343.6 , 173.1,-0.150000000000034,-0.049999999999983,-161.565051177088
1,200,343.45,173.05,Penguin 2,343.45 , 173.05,-0.139999999999986,-0.0400000000000205,-164.054604099068
1,201,343.31,173.01,Penguin 2,343.31 , 173.01,-0.149999999999977,-0.049999999999983,-161.565051177081
1,202,343.16,172.96,Penguin 2,343.16 , 172.96,-0.150000000000034,-0.0500000000000114,-161.565051177078
1,203,343.01,172.91,Penguin 2,343.01 , 172.91,-0.149999999999977,-0.049999999999983,-161.565051177081
1,204,342.86,172.86,Penguin 2,342.86 , 172.86,-0.139999999999986,-0.0400000000000205,-164.054604099068
1,205,342.72,172.82,Penguin 2,342.72 , 172.82,-0.150000000000034,-0.049999999999983,-161.565051177088
1,206,342.57,172.77,Penguin 2,342.57 , 172.77,-0.149999999999977,-0.0500000000000114,-161.565051177071
1,207,342.42,172.72,Penguin 2,342.42 , 172.72,-0.150000000000034,-0.0500000000000114,-161.565051177078
1,208,342.27,172.67,Penguin 2,342.27 , 172.67,-0.139999999999986,-0.039999999999992,-164.054604099079
1,209,342.13,172.63,Penguin 2,342.13 , 172.63,-0.149999999999977,-0.049999999999983,-161.565051177081
1,210,341.98,172.58,Penguin 2,341.98 , 172.58,-0.150000000000034,-0.0500000000000114,-161.565051177078
1,211,341.83,172.53,Penguin 2,341.83 , 172.53,-0.149999999999977,-0.0500000000000114,-161.565051177071
1,212,341.68,172.48,Penguin 2,341.68 , 172.48,-0.139999999999986,-0.039999999999992,-164.054604099079
1,213,341.54,172.44,Penguin 2,341.54 , 172.44,-0.150000000000034,-0.0500000000000114,-161.565051177078
1,214,341.39,172.39,Penguin 2,341.39 , 172.39,-0.149999999999977,-0.049999999999983,-161.565051177081
1,215,341.24,172.34,Penguin 2,341.24 , 172.34,-0.150000000000034,-0.0500000000000114,-161.565051177078
1,216,341.09,172.29,Penguin 2,341.09 , 172.29,-0.139999999999986,-0.039999999999992,-164.054604099079
1,217,340.95,172.25,Penguin 2,340.95 , 172.25,-0.149999999999977,-0.0500000000000114,-161.565051177071
1,218,340.8,172.2,Penguin 2,340.8 , 172.2,-7.90000000000003,-3.5,-156.10483858493
1,219,332.9,168.7,Penguin 2,332.9 , 168.7,-0.120000000000005,0,180
1,220,332.78,168.7,Penguin 2,332.78 , 168.7,-0.119999999999948,0,180
1,221,332.66,168.7,Penguin 2,332.66 , 168.7,-0.120000000000005,0,180
1,222,332.54,168.7,Penguin 2,332.54 , 168.7,-0.120000000000005,0,180
1,223,332.42,168.7,Penguin 2,332.42 , 168.7,-0.120000000000005,0,180
1,224,332.3,168.7,Penguin 2,332.3 , 168.7,-0.120000000000005,0,180
1,225,332.18,168.7,Penguin 2,332.18 , 168.7,-0.110000000000014,0,180
1,226,332.07,168.7,Penguin 2,332.07 , 168.7,-0.120000000000005,0,180
1,227,331.95,168.7,Penguin 2,331.95 , 168.7,-0.120000000000005,0,180
1,228,331.83,168.7,Penguin 2,331.83 , 168.7,-0.120000000000005,0,180
1,229,331.71,168.7,Penguin 2,331.71 , 168.7,-0.120000000000005,0,180
1,230,331.59,168.7,Penguin 2,331.59 , 168.7,-0.119999999999948,0,180
1,231,331.47,168.7,Penguin 2,331.47 , 168.7,-0.120000000000005,0,180
1,232,331.35,168.7,Penguin 2,331.35 , 168.7,-0.120000000000005,0,180
1,233,331.23,168.7,Penguin 2,331.23 , 168.7,-0.120000000000005,0,180
1,234,331.11,168.7,Penguin 2,331.11 , 168.7,-0.120000000000005,0,180
1,235,330.99,168.7,Penguin 2,330.99 , 168.7,-0.120000000000005,0,180
1,236,330.87,168.7,Penguin 2,330.87 , 168.7,-0.120000000000005,0,180
1,237,330.75,168.7,Penguin 2,330.75 , 168.7,-0.120000000000005,0,180
1,238,330.63,168.7,Penguin 2,330.63 , 168.7,-0.110000000000014,0,180
1,239,330.52,168.7,Penguin 2,330.52 , 168.7,-0.120000000000005,0,180
1,240,330.4,168.7,Penguin 2,330.4 , 168.7,-0.120000000000005,0,180
1,241,330.28,168.7,Penguin 2,330.28 , 168.7,-0.119999999999948,0,180
1,242,330.16,168.7,Penguin 2,330.16 , 168.7,-0.120000000000005,0,180
1,243,330.04,168.7,Penguin 2,330.04 , 168.7,-0.120000000000005,0,180
1,244,329.92,168.7,Penguin 2,329.92 , 168.7,-0.120000000000005,0,180
1,245,329.8,168.7,Penguin 2,329.8 , 168.7,-5.40000000000003,-0.599999999999994,-173.65980825409
1,246,324.4,168.1,Penguin 2,324.4 , 168.1,-1.89999999999998,-1.25,-146.659292653523
1,247,322.5,166.85,Penguin 2,322.5 , 166.85,-1.89999999999998,-1.25,-146.659292653523
1,248,320.6,165.6,Penguin 2,320.6 , 165.6,-8.80000000000001,-2.79999999999998,-162.34987578007
1,249,311.8,162.8,Penguin 2,311.8 , 162.8,-3.44999999999999,-1.40000000000001,-157.912828396772
1,250,308.35,161.4,Penguin 2,308.35 , 161.4,-3.45000000000005,-1.40000000000001,-157.912828396772
1,251,304.9,160,Penguin 2,304.9 , 160,1.90000000000003,0.599999999999994,17.5255683737224
1,252,306.8,160.6,Penguin 2,306.8 , 160.6,-1.17000000000002,-0.530000000000001,-155.629879946126
1,253,305.63,160.07,Penguin 2,305.63 , 160.07,-1.15999999999997,-0.539999999999992,-155.037210169193
1,254,304.47,159.53,Penguin 2,304.47 , 159.53,-1.17000000000002,-0.530000000000001,-155.629879946126
1,255,303.3,159,Penguin 2,303.3 , 159,0,-0.259999999999991,-90
1,256,303.3,158.74,Penguin 2,303.3 , 158.74,0,-0.260000000000019,-90
1,257,303.3,158.48,Penguin 2,303.3 , 158.48,0,-0.259999999999991,-90
1,258,303.3,158.22,Penguin 2,303.3 , 158.22,0,-0.259999999999991,-90
1,259,303.3,157.96,Penguin 2,303.3 , 157.96,0,-0.260000000000019,-90
1,260,303.3,157.7,Penguin 2,303.3 , 157.7,-0.100000000000023,-0.0199999999999818,-168.690067525992
1,261,303.2,157.68,Penguin 2,303.2 , 157.68,-0.0999999999999659,-0.0200000000000102,-168.69006752597
1,262,303.1,157.66,Penguin 2,303.1 , 157.66,-0.100000000000023,-0.0200000000000102,-168.690067525977
1,263,303,157.64,Penguin 2,303 , 157.64,-0.100000000000023,-0.0299999999999727,-163.300755766024
1,264,302.9,157.61,Penguin 2,302.9 , 157.61,-0.0999999999999659,-0.0200000000000102,-168.69006752597
1,265,302.8,157.59,Penguin 2,302.8 , 157.59,-0.100000000000023,-0.0200000000000102,-168.690067525977
1,266,302.7,157.57,Penguin 2,302.7 , 157.57,-0.0999999999999659,-0.0199999999999818,-168.690067525986
1,267,302.6,157.55,Penguin 2,302.6 , 157.55,-0.100000000000023,-0.0200000000000102,-168.690067525977
1,268,302.5,157.53,Penguin 2,302.5 , 157.53,-0.100000000000023,-0.0200000000000102,-168.690067525977
1,269,302.4,157.51,Penguin 2,302.4 , 157.51,-0.0999999999999659,-0.0199999999999818,-168.690067525986
1,270,302.3,157.49,Penguin 2,302.3 , 157.49,-0.100000000000023,-0.0300000000000011,-163.300755766009
1,271,302.2,157.46,Penguin 2,302.2 , 157.46,-0.0999999999999659,-0.0200000000000102,-168.69006752597
1,272,302.1,157.44,Penguin 2,302.1 , 157.44,-0.100000000000023,-0.0200000000000102,-168.690067525977
1,273,302,157.42,Penguin 2,302 , 157.42,-0.100000000000023,-0.0199999999999818,-168.690067525992
1,274,301.9,157.4,Penguin 2,301.9 , 157.4,-0.0999999999999659,-0.0200000000000102,-168.69006752597
1,275,301.8,157.38,Penguin 2,301.8 , 157.38,-0.100000000000023,-0.0199999999999818,-168.690067525992
1,276,301.7,157.36,Penguin 2,301.7 , 157.36,-0.0999999999999659,-0.0200000000000102,-168.69006752597
1,277,301.6,157.34,Penguin 2,301.6 , 157.34,-0.100000000000023,-0.0300000000000011,-163.300755766009
1,278,301.5,157.31,Penguin 2,301.5 , 157.31,-0.100000000000023,-0.0200000000000102,-168.690067525977
1,279,301.4,157.29,Penguin 2,301.4 , 157.29,-0.0999999999999659,-0.0199999999999818,-168.690067525986
1,280,301.3,157.27,Penguin 2,301.3 , 157.27,-0.100000000000023,-0.0200000000000102,-168.690067525977
1,281,301.2,157.25,Penguin 2,301.2 , 157.25,-0.0999999999999659,-0.0200000000000102,-168.69006752597
1,282,301.1,157.23,Penguin 2,301.1 , 157.23,-0.100000000000023,-0.0199999999999818,-168.690067525992
1,283,301,157.21,Penguin 2,301 , 157.21,-0.100000000000023,-0.0200000000000102,-168.690067525977
1,284,300.9,157.19,Penguin 2,300.9 , 157.19,-0.0999999999999659,-0.0300000000000011,-163.300755766
1,285,300.8,157.16,Penguin 2,300.8 , 157.16,-0.100000000000023,-0.0200000000000102,-168.690067525977
1,286,300.7,157.14,Penguin 2,300.7 , 157.14,-0.0999999999999659,-0.0199999999999818,-168.690067525986
1,287,300.6,157.12,Penguin 2,300.6 , 157.12,-0.100000000000023,-0.0200000000000102,-168.690067525977
1,288,300.5,157.1,Penguin 2,300.5 , 157.1,-3.80000000000001,-1.90000000000001,-153.434948822922
1,289,296.7,155.2,Penguin 2,296.7 , 155.2,-5.69999999999999,-2.79999999999998,-153.838433557981
1,290,291,152.4,Penguin 2,291 , 152.4,-1.89999999999998,-0.599999999999994,-162.474431626277
1,291,289.1,151.8,Penguin 2,289.1 , 151.8,-0.300000000000011,-0.630000000000024,-115.463345061872
1,292,288.8,151.17,Penguin 2,288.8 , 151.17,-0.300000000000011,-0.639999999999986,-115.114834886146
1,293,288.5,150.53,Penguin 2,288.5 , 150.53,-0.300000000000011,-0.629999999999995,-115.463345061873
1,294,288.2,149.9,Penguin 2,288.2 , 149.9,-1.59999999999997,0,180
1,295,286.6,149.9,Penguin 2,286.6 , 149.9,-0.32000000000005,0.319999999999993,135.000000000005
1,296,286.28,150.22,Penguin 2,286.28 , 150.22,-0.329999999999984,0.330000000000013,134.999999999998
1,297,285.95,150.55,Penguin 2,285.95 , 150.55,-0.319999999999993,0.329999999999984,134.118596003419
1,298,285.63,150.88,Penguin 2,285.63 , 150.88,-0.329999999999984,0.319999999999993,135.881403996581
1,299,285.3,151.2,Penguin 2,285.3 , 151.2,-0.370000000000005,-0.269999999999982,-143.880659150522
1,300,284.93,150.93,Penguin 2,284.93 , 150.93,-0.360000000000014,-0.260000000000019,-144.162347045721
1,301,284.57,150.67,Penguin 2,284.57 , 150.67,-0.370000000000005,-0.269999999999982,-143.880659150522
1,302,284.2,150.4,Penguin 2,284.2 , 150.4,-0.370000000000005,-0.27000000000001,-143.88065915052
1,303,283.83,150.13,Penguin 2,283.83 , 150.13,-0.359999999999957,-0.259999999999991,-144.162347045719
1,304,283.47,149.87,Penguin 2,283.47 , 149.87,-0.370000000000005,-0.27000000000001,-143.88065915052
1,305,283.1,149.6,Penguin 2,283.1 , 149.6,-3.5,-3.5,-135
1,306,279.6,146.1,Penguin 2,279.6 , 146.1,-8.5,-2.19999999999999,-165.488940499831
1,307,271.1,143.9,Penguin 2,271.1 , 143.9,-3.80000000000001,2.19999999999999,149.931417178138
1,308,267.3,146.1,Penguin 2,267.3 , 146.1,-0.129999999999995,-0.0600000000000023,-155.224859431166
1,309,267.17,146.04,Penguin 2,267.17 , 146.04,-0.129999999999995,-0.0600000000000023,-155.224859431166
1,310,267.04,145.98,Penguin 2,267.04 , 145.98,-0.129999999999995,-0.0600000000000023,-155.224859431166
1,311,266.91,145.92,Penguin 2,266.91 , 145.92,-0.130000000000052,-0.0599999999999739,-155.224859431186
1,312,266.78,145.86,Penguin 2,266.78 , 145.86,-0.129999999999995,-0.0600000000000023,-155.224859431166
1,313,266.65,145.8,Penguin 2,266.65 , 145.8,-0.129999999999995,-0.0600000000000023,-155.224859431166
1,314,266.52,145.74,Penguin 2,266.52 , 145.74,-0.129999999999995,-0.0600000000000023,-155.224859431166
1,315,266.39,145.68,Penguin 2,266.39 , 145.68,-0.129999999999995,-0.0600000000000023,-155.224859431166
1,316,266.26,145.62,Penguin 2,266.26 , 145.62,-0.129999999999995,-0.0600000000000023,-155.224859431166
1,317,266.13,145.56,Penguin 2,266.13 , 145.56,-0.129999999999995,-0.0600000000000023,-155.224859431166
1,318,266,145.5,Penguin 2,266 , 145.5,-0.629999999999995,0,180
1,319,265.37,145.5,Penguin 2,265.37 , 145.5,-0.639999999999986,0,180
1,320,264.73,145.5,Penguin 2,264.73 , 145.5,-0.629999999999995,0,180
1,321,264.1,145.5,Penguin 2,264.1 , 145.5,-5.70000000000005,-2.5,-156.317912275462
1,322,258.4,143,Penguin 2,258.4 , 143,0,0,0
1,323,258.4,143,Penguin 2,258.4 , 143,0,0,0
1,324,258.4,143,Penguin 2,258.4 , 143,0,0,0
1,325,258.4,143,Penguin 2,258.4 , 143,0,0,0
1,326,258.4,143,Penguin 2,258.4 , 143,0,0,0
1,327,258.4,143,Penguin 2,258.4 , 143,0,0,0
1,328,258.4,143,Penguin 2,258.4 , 143,0,0,0
1,329,258.4,143,Penguin 2,258.4 , 143,0,0,0
1,330,258.4,143,Penguin 2,258.4 , 143,0,0,0
1,331,258.4,143,Penguin 2,258.4 , 143,0,0,0
1,332,258.4,143,Penguin 2,258.4 , 143,0,0,0
1,333,258.4,143,Penguin 2,258.4 , 143,0,0,0
1,334,258.4,143,Penguin 2,258.4 , 143,0,0,0
1,335,258.4,143,Penguin 2,258.4 , 143,0,0,0
1,336,258.4,143,Penguin 2,258.4 , 143,0,0,0
1,337,258.4,143,Penguin 2,258.4 , 143,0,0,0
1,338,258.4,143,Penguin 2,258.4 , 143,0,0,0
1,339,258.4,143,Penguin 2,258.4 , 143,0,0,0
1,340,258.4,143,Penguin 2,258.4 , 143,0,0,0
1,341,258.4,143,Penguin 2,258.4 , 143,0,0,0
1,342,258.4,143,Penguin 2,258.4 , 143,0,0,0
1,343,258.4,143,Penguin 2,258.4 , 143,0,0,0
1,344,258.4,143,Penguin 2,258.4 , 143,0,0,0
1,345,258.4,143,Penguin 2,258.4 , 143,0,0,0
1,346,258.4,143,Penguin 2,258.4 , 143,0,0,0
1,347,258.4,143,Penguin 2,258.4 , 143,0,0,0
1,348,258.4,143,Penguin 2,258.4 , 143,0,0,0
1,349,258.4,143,Penguin 2,258.4 , 143,0,0,0
1,350,258.4,143,Penguin 2,258.4 , 143,0,0,0
1,351,258.4,143,Penguin 2,258.4 , 143,0,0,0
1,352,258.4,143,Penguin 2,258.4 , 143,0,0,0
1,353,258.4,143,Penguin 2,258.4 , 143,0,0,0
1,354,258.4,143,Penguin 2,258.4 , 143,0,0,0
1,355,258.4,143,Penguin 2,258.4 , 143,0,0,0
1,356,258.4,143,Penguin 2,258.4 , 143,0,0,0
1,357,258.4,143,Penguin 2,258.4 , 143,0,0,0
1,358,258.4,143,Penguin 2,258.4 , 143,0,0,0
1,359,258.4,143,Penguin 2,258.4 , 143,0,0,0
1,360,258.4,143,Penguin 2,258.4 , 143,0,0,0
1,361,258.4,143,Penguin 2,258.4 , 143,0,0,0
1,362,258.4,143,Penguin 2,258.4 , 143,0,0,0
1,363,258.4,143,Penguin 2,258.4 , 143,0,0,0
1,364,258.4,143,Penguin 2,258.4 , 143,0,0,0
1,365,258.4,143,Penguin 2,258.4 , 143,0,0,0
1,366,258.4,143,Penguin 2,258.4 , 143,0,0,0
1,367,258.4,143,Penguin 2,258.4 , 143,0,0,0
1,368,258.4,143,Penguin 2,258.4 , 143,0,0,0
1,369,258.4,143,Penguin 2,258.4 , 143,0,0,0
1,370,258.4,143,Penguin 2,258.4 , 143,0,0,0
1,371,258.4,143,Penguin 2,258.4 , 143,0,0,0
1,372,258.4,143,Penguin 2,258.4 , 143,0,0,0
1,373,258.4,143,Penguin 2,258.4 , 143,0,0,0
1,374,258.4,143,Penguin 2,258.4 , 143,0,0,0
1,375,258.4,143,Penguin 2,258.4 , 143,0,0,0
1,376,258.4,143,Penguin 2,258.4 , 143,0,0,0
1,377,258.4,143,Penguin 2,258.4 , 143,0,0,0
1,378,258.4,143,Penguin 2,258.4 , 143,0,0,0
1,379,258.4,143,Penguin 2,258.4 , 143,0,0,0
1,380,258.4,143,Penguin 2,258.4 , 143,0,0,0
1,381,258.4,143,Penguin 2,258.4 , 143,0,0,0
1,382,258.4,143,Penguin 2,258.4 , 143,0,0,0
1,383,258.4,143,Penguin 2,258.4 , 143,0,0,0
1,384,258.4,143,Penguin 2,258.4 , 143,0,0,0
1,385,258.4,143,Penguin 2,258.4 , 143,0,0,0
1,386,258.4,143,Penguin 2,258.4 , 143,0,0,0
1,387,258.4,143,Penguin 2,258.4 , 143,0,0,0
1,388,258.4,143,Penguin 2,258.4 , 143,0,0,0
1,389,258.4,143,Penguin 2,258.4 , 143,0,0,0
1,390,258.4,143,Penguin 2,258.4 , 143,0,0,0
1,391,258.4,143,Penguin 2,258.4 , 143,0,0,0
1,392,258.4,143,Penguin 2,258.4 , 143,0,0,0
1,393,258.4,143,Penguin 2,258.4 , 143,0,0,0
1,394,258.4,143,Penguin 2,258.4 , 143,0,0,0
1,395,258.4,143,Penguin 2,258.4 , 143,0,0,0
1,396,258.4,143,Penguin 2,258.4 , 143,0,0,0
1,397,258.4,143,Penguin 2,258.4 , 143,0,0,0
1,398,258.4,143,Penguin 2,258.4 , 143,0,0,0
1,399,258.4,143,Penguin 2,258.4 , 143,0,0,0
1,400,258.4,143,Penguin 2,258.4 , 143,NA,NA,NA
